manifest_path,manifest_name,mode,session_label,sequence_name,request_ordinal,cli_wall_s,session_total_s,driver_total_s,outer_driver_overhead_s,execute_plan_bundle_s,worker_startup_s,worker_request_dispatch_s,worker_execute_s,worker_reply_s,execution_wall_s,import_real_stack_s,network_build_s,selected_plan_id,selection_source,correctness_status,execution_mode,worker_session_id,worker_warm,worker_request_index,persistent_used,fallback_used,bundle_hit
/home/ubuntu/quantum-workload-architecture/workloads/manifests/imported/ovh_v2/01_real_dense_ring6_amplitude.yaml,01_real_dense_ring6_amplitude.yaml,fresh,,,,2.083956442,2.083956442,1.344284006,1.281224079,0.065352372,0.0,0.0,0.0,0.0,0.063059927,9.307e-06,0.007616627,plan_9681ead327789de4,plan_rank,pass,direct_executor,,,,False,False,False
/home/ubuntu/quantum-workload-architecture/workloads/manifests/imported/ovh_v2/01_real_dense_ring6_amplitude.yaml,01_real_dense_ring6_amplitude.yaml,plan_json,,,,2.282522708,2.282522708,1.543509054,1.482780899,0.062928246,0.0,0.0,0.0,0.0,0.060728155,1.1618e-05,0.008036351,plan_9681ead327789de4,plan_override,pass,direct_executor,,,,False,False,False
/home/ubuntu/quantum-workload-architecture/workloads/manifests/imported/ovh_v2/01_real_dense_ring6_amplitude.yaml,01_real_dense_ring6_amplitude.yaml,one_shot_bundle,,,,2.308564517,2.308564517,1.544498777,1.144424269,1.354619763,0.0,0.0,0.0,0.0,0.400074508,0.952325255,0.135436744,plan_9681ead327789de4,plan_bundle_reuse,pass,direct_executor,,,,False,False,False
/home/ubuntu/quantum-workload-architecture/workloads/manifests/imported/ovh_v2/01_real_dense_ring6_amplitude.yaml,01_real_dense_ring6_amplitude.yaml,persistent_cold_bundle,01_real_dense_ring6_amplitude.rep0,,1,0.826626377,1.795671425,0.415301286,0.181469675,0.240192674,0.969045048,0.000332396,0.236578472,3.854e-06,0.233831611,0.0,0.156273847,plan_9681ead327789de4,plan_bundle_reuse,pass,persistent_executor,wrk_36530966430cf067,False,1,True,False,True
/home/ubuntu/quantum-workload-architecture/workloads/manifests/imported/ovh_v2/01_real_dense_ring6_amplitude.yaml,01_real_dense_ring6_amplitude.yaml,persistent_warm_bundle,01_real_dense_ring6_amplitude.rep0,,2,0.66000211,0.66000211,0.26729961,0.171860106,0.101817471,0.969045048,0.000658868,0.098584392,2.754e-06,0.095439504,0.0,0.021140371,plan_9681ead327789de4,plan_bundle_reuse,pass,persistent_executor,wrk_36530966430cf067,True,2,True,False,True
/home/ubuntu/quantum-workload-architecture/workloads/manifests/imported/ovh_v2/01_real_dense_ring6_amplitude.yaml,01_real_dense_ring6_amplitude.yaml,fresh,,,,2.208438295,2.208438295,1.452490539,1.403653455,0.050891036,0.0,0.0,0.0,0.0,0.048837084,9.712e-06,0.006255443,plan_9681ead327789de4,plan_rank,pass,direct_executor,,,,False,False,False
/home/ubuntu/quantum-workload-architecture/workloads/manifests/imported/ovh_v2/01_real_dense_ring6_amplitude.yaml,01_real_dense_ring6_amplitude.yaml,plan_json,,,,2.214297399,2.214297399,1.454776671,1.40587501,0.050842747,0.0,0.0,0.0,0.0,0.048901661,8.715e-06,0.006458504,plan_9681ead327789de4,plan_override,pass,direct_executor,,,,False,False,False
/home/ubuntu/quantum-workload-architecture/workloads/manifests/imported/ovh_v2/01_real_dense_ring6_amplitude.yaml,01_real_dense_ring6_amplitude.yaml,one_shot_bundle,,,,2.145001889,2.145001889,1.431541023,1.066400336,1.26871189,0.0,0.0,0.0,0.0,0.365140687,0.901430943,0.114972308,plan_9681ead327789de4,plan_bundle_reuse,pass,direct_executor,,,,False,False,False
/home/ubuntu/quantum-workload-architecture/workloads/manifests/imported/ovh_v2/01_real_dense_ring6_amplitude.yaml,01_real_dense_ring6_amplitude.yaml,persistent_cold_bundle,01_real_dense_ring6_amplitude.rep1,,1,0.770061254,1.87045245,0.368410085,0.150159448,0.223344511,1.100391196,0.000258146,0.220804193,2.744e-06,0.218250637,0.0,0.153711831,plan_9681ead327789de4,plan_bundle_reuse,pass,persistent_executor,wrk_62e204eb125c9f1d,False,1,True,False,True
/home/ubuntu/quantum-workload-architecture/workloads/manifests/imported/ovh_v2/01_real_dense_ring6_amplitude.yaml,01_real_dense_ring6_amplitude.yaml,persistent_warm_bundle,01_real_dense_ring6_amplitude.rep1,,2,0.646161293,0.646161293,0.235974693,0.145855706,0.095530131,1.100391196,0.000332712,0.092862769,2.666e-06,0.090118987,0.0,0.020107869,plan_9681ead327789de4,plan_bundle_reuse,pass,persistent_executor,wrk_62e204eb125c9f1d,True,2,True,False,True
/home/ubuntu/quantum-workload-architecture/workloads/manifests/imported/ovh_v2/01_real_dense_ring6_amplitude.yaml,01_real_dense_ring6_amplitude.yaml,fresh,,,,2.270007102,2.270007102,1.54393795,1.494994595,0.050949299,0.0,0.0,0.0,0.0,0.048943355,9.092e-06,0.006466008,plan_9681ead327789de4,plan_rank,pass,direct_executor,,,,False,False,False
/home/ubuntu/quantum-workload-architecture/workloads/manifests/imported/ovh_v2/01_real_dense_ring6_amplitude.yaml,01_real_dense_ring6_amplitude.yaml,plan_json,,,,2.267424598,2.267424598,1.521039607,1.47204467,0.050963683,0.0,0.0,0.0,0.0,0.048994937,9.146e-06,0.006159287,plan_9681ead327789de4,plan_override,pass,direct_executor,,,,False,False,False
/home/ubuntu/quantum-workload-architecture/workloads/manifests/imported/ovh_v2/01_real_dense_ring6_amplitude.yaml,01_real_dense_ring6_amplitude.yaml,one_shot_bundle,,,,2.094123064,2.094123064,1.391099694,1.086669579,1.222098379,0.0,0.0,0.0,0.0,0.304430115,0.915598957,0.11307354,plan_9681ead327789de4,plan_bundle_reuse,pass,direct_executor,,,,False,False,False
/home/ubuntu/quantum-workload-architecture/workloads/manifests/imported/ovh_v2/01_real_dense_ring6_amplitude.yaml,01_real_dense_ring6_amplitude.yaml,persistent_cold_bundle,01_real_dense_ring6_amplitude.rep2,,1,0.780394352,1.927361845,0.368189136,0.164408816,0.20860987,1.146967493,0.000198736,0.20604021,3.064e-06,0.20378032,0.0,0.142668099,plan_9681ead327789de4,plan_bundle_reuse,pass,persistent_executor,wrk_b7f34e1577b5a66a,False,1,True,False,True
/home/ubuntu/quantum-workload-architecture/workloads/manifests/imported/ovh_v2/01_real_dense_ring6_amplitude.yaml,01_real_dense_ring6_amplitude.yaml,persistent_warm_bundle,01_real_dense_ring6_amplitude.rep2,,2,0.606732276,0.606732276,0.265099794,0.197654431,0.072208975,1.146967493,0.000325102,0.069976662,3.325e-06,0.067445363,0.0,0.012347856,plan_9681ead327789de4,plan_bundle_reuse,pass,persistent_executor,wrk_b7f34e1577b5a66a,True,2,True,False,True
/home/ubuntu/quantum-workload-architecture/workloads/manifests/imported/ovh_v2/01_real_dense_ring6_amplitude.yaml,01_real_dense_ring6_amplitude.yaml,fresh,,,,2.220714606,2.220714606,1.519690327,1.470007162,0.051699457,0.0,0.0,0.0,0.0,0.049683165,7.914e-06,0.006500135,plan_9681ead327789de4,plan_rank,pass,direct_executor,,,,False,False,False
/home/ubuntu/quantum-workload-architecture/workloads/manifests/imported/ovh_v2/01_real_dense_ring6_amplitude.yaml,01_real_dense_ring6_amplitude.yaml,plan_json,,,,2.191995948,2.191995948,1.510367448,1.459719862,0.052678455,0.0,0.0,0.0,0.0,0.050647586,9.187e-06,0.006678211,plan_9681ead327789de4,plan_override,pass,direct_executor,,,,False,False,False
/home/ubuntu/quantum-workload-architecture/workloads/manifests/imported/ovh_v2/01_real_dense_ring6_amplitude.yaml,01_real_dense_ring6_amplitude.yaml,one_shot_bundle,,,,2.068693684,2.068693684,1.359672398,1.06313061,1.243160715,0.0,0.0,0.0,0.0,0.296541788,0.944569423,0.111140902,plan_9681ead327789de4,plan_bundle_reuse,pass,direct_executor,,,,False,False,False
/home/ubuntu/quantum-workload-architecture/workloads/manifests/imported/ovh_v2/01_real_dense_ring6_amplitude.yaml,01_real_dense_ring6_amplitude.yaml,persistent_cold_bundle,01_real_dense_ring6_amplitude.rep3,,1,0.863246558,1.9388799580000002,0.418321958,0.186013414,0.237965829,1.0756334,0.00036011,0.235006149,2.899e-06,0.232308544,0.0,0.160081734,plan_9681ead327789de4,plan_bundle_reuse,pass,persistent_executor,wrk_c57d7b159fae2cf8,False,1,True,False,True
/home/ubuntu/quantum-workload-architecture/workloads/manifests/imported/ovh_v2/01_real_dense_ring6_amplitude.yaml,01_real_dense_ring6_amplitude.yaml,persistent_warm_bundle,01_real_dense_ring6_amplitude.rep3,,2,0.673969504,0.673969504,0.296250533,0.202785911,0.099389406,1.0756334,0.000315795,0.096163101,3.042e-06,0.093464622,0.0,0.018697492,plan_9681ead327789de4,plan_bundle_reuse,pass,persistent_executor,wrk_c57d7b159fae2cf8,True,2,True,False,True
/home/ubuntu/quantum-workload-architecture/workloads/manifests/imported/ovh_v2/01_real_dense_ring6_amplitude.yaml,01_real_dense_ring6_amplitude.yaml,fresh,,,,2.239146102,2.239146102,1.53055182,1.481319841,0.051204205,0.0,0.0,0.0,0.0,0.049231979,8.751e-06,0.006395039,plan_9681ead327789de4,plan_rank,pass,direct_executor,,,,False,False,False
/home/ubuntu/quantum-workload-architecture/workloads/manifests/imported/ovh_v2/01_real_dense_ring6_amplitude.yaml,01_real_dense_ring6_amplitude.yaml,plan_json,,,,2.049541867,2.049541867,1.325886218,1.276891569,0.051081257,0.0,0.0,0.0,0.0,0.048994649,9.248e-06,0.006445593,plan_9681ead327789de4,plan_override,pass,direct_executor,,,,False,False,False
/home/ubuntu/quantum-workload-architecture/workloads/manifests/imported/ovh_v2/01_real_dense_ring6_amplitude.yaml,01_real_dense_ring6_amplitude.yaml,one_shot_bundle,,,,2.151972265,2.151972265,1.4624964,1.076845382,1.315280621,0.0,0.0,0.0,0.0,0.385651018,0.927511981,0.109418411,plan_9681ead327789de4,plan_bundle_reuse,pass,direct_executor,,,,False,False,False
/home/ubuntu/quantum-workload-architecture/workloads/manifests/imported/ovh_v2/01_real_dense_ring6_amplitude.yaml,01_real_dense_ring6_amplitude.yaml,persistent_cold_bundle,01_real_dense_ring6_amplitude.rep4,,1,0.82917796,1.858843095,0.416155647,0.185838105,0.236181535,1.029665135,0.000337268,0.233065203,2.645e-06,0.230317542,0.0,0.15800078,plan_9681ead327789de4,plan_bundle_reuse,pass,persistent_executor,wrk_447c5a463e50b507,False,1,True,False,True
/home/ubuntu/quantum-workload-architecture/workloads/manifests/imported/ovh_v2/01_real_dense_ring6_amplitude.yaml,01_real_dense_ring6_amplitude.yaml,persistent_warm_bundle,01_real_dense_ring6_amplitude.rep4,,2,0.712513897,0.712513897,0.290331796,0.202418176,0.093515531,1.029665135,0.000271482,0.090405304,3.226e-06,0.08791362,0.0,0.01857497,plan_9681ead327789de4,plan_bundle_reuse,pass,persistent_executor,wrk_447c5a463e50b507,True,2,True,False,True
/home/ubuntu/quantum-workload-architecture/workloads/manifests/imported/ovh_v2/06_star_graph_phase_amplitude_heldout_low.yaml,06_star_graph_phase_amplitude_heldout_low.yaml,fresh,,,,2.068863906,2.068863906,1.329942241,1.278963534,0.052955217,0.0,0.0,0.0,0.0,0.050978707,9.421e-06,0.006467715,plan_1e9bb43cfe444bbb,plan_rank,pass,direct_executor,,,,False,False,False
/home/ubuntu/quantum-workload-architecture/workloads/manifests/imported/ovh_v2/06_star_graph_phase_amplitude_heldout_low.yaml,06_star_graph_phase_amplitude_heldout_low.yaml,plan_json,,,,2.209040624,2.209040624,1.52534262,1.473148749,0.054158907,0.0,0.0,0.0,0.0,0.052193871,2.3013e-05,0.006552629,plan_1e9bb43cfe444bbb,plan_override,pass,direct_executor,,,,False,False,False
/home/ubuntu/quantum-workload-architecture/workloads/manifests/imported/ovh_v2/06_star_graph_phase_amplitude_heldout_low.yaml,06_star_graph_phase_amplitude_heldout_low.yaml,one_shot_bundle,,,,2.279920655,2.279920655,1.527768249,1.12686679,1.358189393,0.0,0.0,0.0,0.0,0.400901459,0.955279526,0.110476257,plan_1e9bb43cfe444bbb,plan_bundle_reuse,pass,direct_executor,,,,False,False,False
/home/ubuntu/quantum-workload-architecture/workloads/manifests/imported/ovh_v2/06_star_graph_phase_amplitude_heldout_low.yaml,06_star_graph_phase_amplitude_heldout_low.yaml,persistent_cold_bundle,06_star_graph_phase_amplitude_heldout_low.rep0,,1,0.803967071,1.846583963,0.403574609,0.15295046,0.256577827,1.042616892,0.000510329,0.253343129,2.691e-06,0.250624149,0.0,0.175384769,plan_1e9bb43cfe444bbb,plan_bundle_reuse,pass,persistent_executor,wrk_4a0f1a73798114ba,False,1,True,False,True
/home/ubuntu/quantum-workload-architecture/workloads/manifests/imported/ovh_v2/06_star_graph_phase_amplitude_heldout_low.yaml,06_star_graph_phase_amplitude_heldout_low.yaml,persistent_warm_bundle,06_star_graph_phase_amplitude_heldout_low.rep0,,2,0.680495076,0.680495076,0.292457569,0.196180494,0.102350758,1.042616892,0.000348626,0.099013662,3.924e-06,0.096277075,0.0,0.019414455,plan_1e9bb43cfe444bbb,plan_bundle_reuse,pass,persistent_executor,wrk_4a0f1a73798114ba,True,2,True,False,True
/home/ubuntu/quantum-workload-architecture/workloads/manifests/imported/ovh_v2/06_star_graph_phase_amplitude_heldout_low.yaml,06_star_graph_phase_amplitude_heldout_low.yaml,fresh,,,,2.362354531,2.362354531,1.601257324,1.549857885,0.053437565,0.0,0.0,0.0,0.0,0.051399439,8.717e-06,0.006226753,plan_1e9bb43cfe444bbb,plan_rank,pass,direct_executor,,,,False,False,False
/home/ubuntu/quantum-workload-architecture/workloads/manifests/imported/ovh_v2/06_star_graph_phase_amplitude_heldout_low.yaml,06_star_graph_phase_amplitude_heldout_low.yaml,plan_json,,,,2.058011009,2.058011009,1.334900709,1.283585002,0.053185297,0.0,0.0,0.0,0.0,0.051315707,1.0117e-05,0.00632086,plan_1e9bb43cfe444bbb,plan_override,pass,direct_executor,,,,False,False,False
/home/ubuntu/quantum-workload-architecture/workloads/manifests/imported/ovh_v2/06_star_graph_phase_amplitude_heldout_low.yaml,06_star_graph_phase_amplitude_heldout_low.yaml,one_shot_bundle,,,,2.099099588,2.099099588,1.394239915,1.089412709,1.274075485,0.0,0.0,0.0,0.0,0.304827206,0.967221607,0.110895839,plan_1e9bb43cfe444bbb,plan_bundle_reuse,pass,direct_executor,,,,False,False,False
/home/ubuntu/quantum-workload-architecture/workloads/manifests/imported/ovh_v2/06_star_graph_phase_amplitude_heldout_low.yaml,06_star_graph_phase_amplitude_heldout_low.yaml,persistent_cold_bundle,06_star_graph_phase_amplitude_heldout_low.rep1,,1,0.789582916,1.968787346,0.398473399,0.194348266,0.208933818,1.17920443,0.000197403,0.206563076,3.253e-06,0.204125133,0.0,0.137313591,plan_1e9bb43cfe444bbb,plan_bundle_reuse,pass,persistent_executor,wrk_7a5b8420701f7d60,False,1,True,False,True
/home/ubuntu/quantum-workload-architecture/workloads/manifests/imported/ovh_v2/06_star_graph_phase_amplitude_heldout_low.yaml,06_star_graph_phase_amplitude_heldout_low.yaml,persistent_warm_bundle,06_star_graph_phase_amplitude_heldout_low.rep1,,2,0.593657971,0.593657971,0.22901825,0.164492591,0.068856495,1.17920443,0.000152263,0.06657844,3.364e-06,0.064525659,0.0,0.0093916,plan_1e9bb43cfe444bbb,plan_bundle_reuse,pass,persistent_executor,wrk_7a5b8420701f7d60,True,2,True,False,True
/home/ubuntu/quantum-workload-architecture/workloads/manifests/imported/ovh_v2/06_star_graph_phase_amplitude_heldout_low.yaml,06_star_graph_phase_amplitude_heldout_low.yaml,fresh,,,,2.156733733,2.156733733,1.447248226,1.397388831,0.051727532,0.0,0.0,0.0,0.0,0.049859395,9.007e-06,0.006196316,plan_1e9bb43cfe444bbb,plan_rank,pass,direct_executor,,,,False,False,False
/home/ubuntu/quantum-workload-architecture/workloads/manifests/imported/ovh_v2/06_star_graph_phase_amplitude_heldout_low.yaml,06_star_graph_phase_amplitude_heldout_low.yaml,plan_json,,,,2.13555943,2.13555943,1.399571653,1.34839343,0.053071642,0.0,0.0,0.0,0.0,0.051178223,8.336e-06,0.006382375,plan_1e9bb43cfe444bbb,plan_override,pass,direct_executor,,,,False,False,False
/home/ubuntu/quantum-workload-architecture/workloads/manifests/imported/ovh_v2/06_star_graph_phase_amplitude_heldout_low.yaml,06_star_graph_phase_amplitude_heldout_low.yaml,one_shot_bundle,,,,2.116879735,2.116879735,1.419863979,1.117769101,1.270569918,0.0,0.0,0.0,0.0,0.302094878,0.9665168,0.111860772,plan_1e9bb43cfe444bbb,plan_bundle_reuse,pass,direct_executor,,,,False,False,False
/home/ubuntu/quantum-workload-architecture/workloads/manifests/imported/ovh_v2/06_star_graph_phase_amplitude_heldout_low.yaml,06_star_graph_phase_amplitude_heldout_low.yaml,persistent_cold_bundle,06_star_graph_phase_amplitude_heldout_low.rep2,,1,0.830847592,1.94928989,0.420312575,0.184530435,0.242005887,1.118442298,0.000318726,0.238786712,3.111e-06,0.23578214,0.0,0.156289507,plan_1e9bb43cfe444bbb,plan_bundle_reuse,pass,persistent_executor,wrk_65b5df3729babe45,False,1,True,False,True
/home/ubuntu/quantum-workload-architecture/workloads/manifests/imported/ovh_v2/06_star_graph_phase_amplitude_heldout_low.yaml,06_star_graph_phase_amplitude_heldout_low.yaml,persistent_warm_bundle,06_star_graph_phase_amplitude_heldout_low.rep2,,2,0.658370667,0.658370667,0.274992023,0.184177368,0.096775582,1.118442298,0.000309599,0.093574145,2.967e-06,0.090814655,0.0,0.018119414,plan_1e9bb43cfe444bbb,plan_bundle_reuse,pass,persistent_executor,wrk_65b5df3729babe45,True,2,True,False,True
/home/ubuntu/quantum-workload-architecture/workloads/manifests/imported/ovh_v2/06_star_graph_phase_amplitude_heldout_low.yaml,06_star_graph_phase_amplitude_heldout_low.yaml,fresh,,,,2.300363435,2.300363435,1.535509755,1.483261016,0.054248936,0.0,0.0,0.0,0.0,0.052248739,9.144e-06,0.006402044,plan_1e9bb43cfe444bbb,plan_rank,pass,direct_executor,,,,False,False,False
/home/ubuntu/quantum-workload-architecture/workloads/manifests/imported/ovh_v2/06_star_graph_phase_amplitude_heldout_low.yaml,06_star_graph_phase_amplitude_heldout_low.yaml,plan_json,,,,2.118880669,2.118880669,1.422435302,1.369557117,0.054895525,0.0,0.0,0.0,0.0,0.052878185,9.548e-06,0.006276558,plan_1e9bb43cfe444bbb,plan_override,pass,direct_executor,,,,False,False,False
/home/ubuntu/quantum-workload-architecture/workloads/manifests/imported/ovh_v2/06_star_graph_phase_amplitude_heldout_low.yaml,06_star_graph_phase_amplitude_heldout_low.yaml,one_shot_bundle,,,,2.103878247,2.103878247,1.393237232,1.079609813,1.257696594,0.0,0.0,0.0,0.0,0.313627419,0.941973252,0.112550383,plan_1e9bb43cfe444bbb,plan_bundle_reuse,pass,direct_executor,,,,False,False,False
/home/ubuntu/quantum-workload-architecture/workloads/manifests/imported/ovh_v2/06_star_graph_phase_amplitude_heldout_low.yaml,06_star_graph_phase_amplitude_heldout_low.yaml,persistent_cold_bundle,06_star_graph_phase_amplitude_heldout_low.rep3,,1,0.764467668,1.907153303,0.390781519,0.16380499,0.232078933,1.142685635,0.000377521,0.229746048,7.726e-06,0.226976529,0.0,0.149402694,plan_1e9bb43cfe444bbb,plan_bundle_reuse,pass,persistent_executor,wrk_96b9b384a8947024,False,1,True,False,True
/home/ubuntu/quantum-workload-architecture/workloads/manifests/imported/ovh_v2/06_star_graph_phase_amplitude_heldout_low.yaml,06_star_graph_phase_amplitude_heldout_low.yaml,persistent_warm_bundle,06_star_graph_phase_amplitude_heldout_low.rep3,,2,0.639777345,0.639777345,0.272195681,0.184576031,0.093398298,1.142685635,0.000296031,0.090303595,2.966e-06,0.08761965,0.0,0.017152281,plan_1e9bb43cfe444bbb,plan_bundle_reuse,pass,persistent_executor,wrk_96b9b384a8947024,True,2,True,False,True
/home/ubuntu/quantum-workload-architecture/workloads/manifests/imported/ovh_v2/06_star_graph_phase_amplitude_heldout_low.yaml,06_star_graph_phase_amplitude_heldout_low.yaml,fresh,,,,2.323514965,2.323514965,1.56538479,1.512008387,0.055468762,0.0,0.0,0.0,0.0,0.053376403,1.1186e-05,0.006668795,plan_1e9bb43cfe444bbb,plan_rank,pass,direct_executor,,,,False,False,False
/home/ubuntu/quantum-workload-architecture/workloads/manifests/imported/ovh_v2/06_star_graph_phase_amplitude_heldout_low.yaml,06_star_graph_phase_amplitude_heldout_low.yaml,plan_json,,,,2.184395175,2.184395175,1.425611544,1.373653869,0.054042716,0.0,0.0,0.0,0.0,0.051957675,9.276e-06,0.006304622,plan_1e9bb43cfe444bbb,plan_override,pass,direct_executor,,,,False,False,False
/home/ubuntu/quantum-workload-architecture/workloads/manifests/imported/ovh_v2/06_star_graph_phase_amplitude_heldout_low.yaml,06_star_graph_phase_amplitude_heldout_low.yaml,one_shot_bundle,,,,2.278784955,2.278784955,1.513716469,1.172687981,1.347857518,0.0,0.0,0.0,0.0,0.341028488,1.004625708,0.131801175,plan_1e9bb43cfe444bbb,plan_bundle_reuse,pass,direct_executor,,,,False,False,False
/home/ubuntu/quantum-workload-architecture/workloads/manifests/imported/ovh_v2/06_star_graph_phase_amplitude_heldout_low.yaml,06_star_graph_phase_amplitude_heldout_low.yaml,persistent_cold_bundle,06_star_graph_phase_amplitude_heldout_low.rep4,,1,0.846788448,1.9258456449999999,0.415469529,0.181907382,0.239768067,1.079057197,0.000346276,0.236546425,3.028e-06,0.233562147,0.0,0.156090065,plan_1e9bb43cfe444bbb,plan_bundle_reuse,pass,persistent_executor,wrk_7e228c362c06d5f0,False,1,True,False,True
/home/ubuntu/quantum-workload-architecture/workloads/manifests/imported/ovh_v2/06_star_graph_phase_amplitude_heldout_low.yaml,06_star_graph_phase_amplitude_heldout_low.yaml,persistent_warm_bundle,06_star_graph_phase_amplitude_heldout_low.rep4,,2,0.641878776,0.641878776,0.267876061,0.190405836,0.08225236,1.079057197,0.00025673,0.079803471,2.872e-06,0.077470225,0.0,0.014657119,plan_1e9bb43cfe444bbb,plan_bundle_reuse,pass,persistent_executor,wrk_7e228c362c06d5f0,True,2,True,False,True
/home/ubuntu/quantum-workload-architecture/workloads/manifests/imported/ovh_v2/08_parity_iqp_batched_heldout_medium.yaml,08_parity_iqp_batched_heldout_medium.yaml,fresh,,,,2.106516382,2.106516382,1.395935959,1.090292903,0.30752617,0.0,0.0,0.0,0.0,0.305643056,5.086e-06,0.119606645,plan_7209297490c788dd,plan_rank,pass,direct_executor,,,,False,False,False
/home/ubuntu/quantum-workload-architecture/workloads/manifests/imported/ovh_v2/08_parity_iqp_batched_heldout_medium.yaml,08_parity_iqp_batched_heldout_medium.yaml,plan_json,,,,2.015536584,2.015536584,1.308996892,1.003017118,0.307771262,0.0,0.0,0.0,0.0,0.305979774,6.841e-06,0.113399665,plan_7209297490c788dd,plan_override,pass,direct_executor,,,,False,False,False
/home/ubuntu/quantum-workload-architecture/workloads/manifests/imported/ovh_v2/08_parity_iqp_batched_heldout_medium.yaml,08_parity_iqp_batched_heldout_medium.yaml,one_shot_bundle,,,,2.075395759,2.075395759,1.411189134,1.114194213,1.246528775,0.0,0.0,0.0,0.0,0.296994921,0.94760954,0.113281745,plan_7209297490c788dd,plan_bundle_reuse,pass,direct_executor,,,,False,False,False
/home/ubuntu/quantum-workload-architecture/workloads/manifests/imported/ovh_v2/08_parity_iqp_batched_heldout_medium.yaml,08_parity_iqp_batched_heldout_medium.yaml,persistent_cold_bundle,08_parity_iqp_batched_heldout_medium.rep0,,1,0.870703206,1.916145335,0.449835624,0.195103494,0.260843771,1.045442129,0.000356067,0.257414369,3.258e-06,0.25473213,0.0,0.18365519,plan_7209297490c788dd,plan_bundle_reuse,pass,persistent_executor,wrk_ef9f418356da8780,False,1,True,False,True
/home/ubuntu/quantum-workload-architecture/workloads/manifests/imported/ovh_v2/08_parity_iqp_batched_heldout_medium.yaml,08_parity_iqp_batched_heldout_medium.yaml,persistent_warm_bundle,08_parity_iqp_batched_heldout_medium.rep0,,2,0.58341359,0.58341359,0.169275305,0.114240822,0.058722871,1.045442129,0.000155598,0.056975059,2.883e-06,0.055034483,0.0,0.008750567,plan_7209297490c788dd,plan_bundle_reuse,pass,persistent_executor,wrk_ef9f418356da8780,True,2,True,False,True
/home/ubuntu/quantum-workload-architecture/workloads/manifests/imported/ovh_v2/08_parity_iqp_batched_heldout_medium.yaml,08_parity_iqp_batched_heldout_medium.yaml,fresh,,,,2.053231668,2.053231668,1.336119319,0.980946228,0.3570128,0.0,0.0,0.0,0.0,0.355173091,6.96e-06,0.11424744,plan_7209297490c788dd,plan_rank,pass,direct_executor,,,,False,False,False
/home/ubuntu/quantum-workload-architecture/workloads/manifests/imported/ovh_v2/08_parity_iqp_batched_heldout_medium.yaml,08_parity_iqp_batched_heldout_medium.yaml,plan_json,,,,2.141261907,2.141261907,1.457568333,1.072222742,0.387216972,0.0,0.0,0.0,0.0,0.385345591,6.882e-06,0.127405501,plan_7209297490c788dd,plan_override,pass,direct_executor,,,,False,False,False
/home/ubuntu/quantum-workload-architecture/workloads/manifests/imported/ovh_v2/08_parity_iqp_batched_heldout_medium.yaml,08_parity_iqp_batched_heldout_medium.yaml,one_shot_bundle,,,,2.065132291,2.065132291,1.401492053,1.092379776,1.308433354,0.0,0.0,0.0,0.0,0.309112277,0.997397934,0.115695984,plan_7209297490c788dd,plan_bundle_reuse,pass,direct_executor,,,,False,False,False
/home/ubuntu/quantum-workload-architecture/workloads/manifests/imported/ovh_v2/08_parity_iqp_batched_heldout_medium.yaml,08_parity_iqp_batched_heldout_medium.yaml,persistent_cold_bundle,08_parity_iqp_batched_heldout_medium.rep1,,1,0.770573956,1.836340823,0.326602003,0.1380263,0.192802156,1.065766867,0.000169149,0.190945008,2.957e-06,0.188575703,0.0,0.132549465,plan_7209297490c788dd,plan_bundle_reuse,pass,persistent_executor,wrk_eb228dbe71c287c0,False,1,True,False,True
/home/ubuntu/quantum-workload-architecture/workloads/manifests/imported/ovh_v2/08_parity_iqp_batched_heldout_medium.yaml,08_parity_iqp_batched_heldout_medium.yaml,persistent_warm_bundle,08_parity_iqp_batched_heldout_medium.rep1,,2,0.594481469,0.594481469,0.198993656,0.141630117,0.061161042,1.065766867,0.000159357,0.05952899,2.73e-06,0.057363539,0.0,0.008299276,plan_7209297490c788dd,plan_bundle_reuse,pass,persistent_executor,wrk_eb228dbe71c287c0,True,2,True,False,True
/home/ubuntu/quantum-workload-architecture/workloads/manifests/imported/ovh_v2/08_parity_iqp_batched_heldout_medium.yaml,08_parity_iqp_batched_heldout_medium.yaml,fresh,,,,2.12820744,2.12820744,1.369980225,1.052767502,0.319102804,0.0,0.0,0.0,0.0,0.317212723,7.445e-06,0.119603701,plan_7209297490c788dd,plan_rank,pass,direct_executor,,,,False,False,False
/home/ubuntu/quantum-workload-architecture/workloads/manifests/imported/ovh_v2/08_parity_iqp_batched_heldout_medium.yaml,08_parity_iqp_batched_heldout_medium.yaml,plan_json,,,,2.232677539,2.232677539,1.510095556,1.10902088,0.403185017,0.0,0.0,0.0,0.0,0.401074676,8.716e-06,0.135024536,plan_7209297490c788dd,plan_override,pass,direct_executor,,,,False,False,False
/home/ubuntu/quantum-workload-architecture/workloads/manifests/imported/ovh_v2/08_parity_iqp_batched_heldout_medium.yaml,08_parity_iqp_batched_heldout_medium.yaml,one_shot_bundle,,,,2.310143382,2.310143382,1.551871614,1.148635929,1.365454987,0.0,0.0,0.0,0.0,0.403235685,0.960163006,0.128984876,plan_7209297490c788dd,plan_bundle_reuse,pass,direct_executor,,,,False,False,False
/home/ubuntu/quantum-workload-architecture/workloads/manifests/imported/ovh_v2/08_parity_iqp_batched_heldout_medium.yaml,08_parity_iqp_batched_heldout_medium.yaml,persistent_cold_bundle,08_parity_iqp_batched_heldout_medium.rep2,,1,0.817008765,1.963585128,0.403118043,0.183847225,0.224636611,1.146576363,0.000343694,0.221932012,3.004e-06,0.219270818,0.0,0.150131831,plan_7209297490c788dd,plan_bundle_reuse,pass,persistent_executor,wrk_c50eb0b0d7746dbb,False,1,True,False,True
/home/ubuntu/quantum-workload-architecture/workloads/manifests/imported/ovh_v2/08_parity_iqp_batched_heldout_medium.yaml,08_parity_iqp_batched_heldout_medium.yaml,persistent_warm_bundle,08_parity_iqp_batched_heldout_medium.rep2,,2,0.701997008,0.701997008,0.27007888,0.194546499,0.080597809,1.146576363,0.000239899,0.077936743,3.162e-06,0.075532381,0.0,0.015237801,plan_7209297490c788dd,plan_bundle_reuse,pass,persistent_executor,wrk_c50eb0b0d7746dbb,True,2,True,False,True
/home/ubuntu/quantum-workload-architecture/workloads/manifests/imported/ovh_v2/08_parity_iqp_batched_heldout_medium.yaml,08_parity_iqp_batched_heldout_medium.yaml,fresh,,,,2.16580416,2.16580416,1.452946798,1.08760902,0.367226652,0.0,0.0,0.0,0.0,0.365337778,6.695e-06,0.111109521,plan_7209297490c788dd,plan_rank,pass,direct_executor,,,,False,False,False
/home/ubuntu/quantum-workload-architecture/workloads/manifests/imported/ovh_v2/08_parity_iqp_batched_heldout_medium.yaml,08_parity_iqp_batched_heldout_medium.yaml,plan_json,,,,2.294979782,2.294979782,1.546834872,1.14449535,0.404234142,0.0,0.0,0.0,0.0,0.402339522,7.654e-06,0.123129523,plan_7209297490c788dd,plan_override,pass,direct_executor,,,,False,False,False
/home/ubuntu/quantum-workload-architecture/workloads/manifests/imported/ovh_v2/08_parity_iqp_batched_heldout_medium.yaml,08_parity_iqp_batched_heldout_medium.yaml,one_shot_bundle,,,,2.201001211,2.201001211,1.479336872,1.169654591,1.309190839,0.0,0.0,0.0,0.0,0.309682281,0.997476904,0.111171904,plan_7209297490c788dd,plan_bundle_reuse,pass,direct_executor,,,,False,False,False
/home/ubuntu/quantum-workload-architecture/workloads/manifests/imported/ovh_v2/08_parity_iqp_batched_heldout_medium.yaml,08_parity_iqp_batched_heldout_medium.yaml,persistent_cold_bundle,08_parity_iqp_batched_heldout_medium.rep3,,1,0.713010854,1.730095354,0.327853505,0.131878708,0.200399942,1.0170845,0.000307898,0.198624693,2.947e-06,0.195974797,0.0,0.137627385,plan_7209297490c788dd,plan_bundle_reuse,pass,persistent_executor,wrk_b9154e4c1784d21c,False,1,True,False,True
/home/ubuntu/quantum-workload-architecture/workloads/manifests/imported/ovh_v2/08_parity_iqp_batched_heldout_medium.yaml,08_parity_iqp_batched_heldout_medium.yaml,persistent_warm_bundle,08_parity_iqp_batched_heldout_medium.rep3,,2,0.568516578,0.568516578,0.232322319,0.146852392,0.090389693,1.0170845,0.000314856,0.087963675,3.134e-06,0.085469927,0.0,0.017051197,plan_7209297490c788dd,plan_bundle_reuse,pass,persistent_executor,wrk_b9154e4c1784d21c,True,2,True,False,True
/home/ubuntu/quantum-workload-architecture/workloads/manifests/imported/ovh_v2/08_parity_iqp_batched_heldout_medium.yaml,08_parity_iqp_batched_heldout_medium.yaml,fresh,,,,2.261409787,2.261409787,1.518139394,1.138410775,0.381553319,0.0,0.0,0.0,0.0,0.379728619,6.52e-06,0.109090211,plan_7209297490c788dd,plan_rank,pass,direct_executor,,,,False,False,False
/home/ubuntu/quantum-workload-architecture/workloads/manifests/imported/ovh_v2/08_parity_iqp_batched_heldout_medium.yaml,08_parity_iqp_batched_heldout_medium.yaml,plan_json,,,,2.087401445,2.087401445,1.40531,1.110678867,0.296372591,0.0,0.0,0.0,0.0,0.294631133,7.162e-06,0.108231876,plan_7209297490c788dd,plan_override,pass,direct_executor,,,,False,False,False
/home/ubuntu/quantum-workload-architecture/workloads/manifests/imported/ovh_v2/08_parity_iqp_batched_heldout_medium.yaml,08_parity_iqp_batched_heldout_medium.yaml,one_shot_bundle,,,,1.968788057,1.968788057,1.272998143,0.971878073,1.106940666,0.0,0.0,0.0,0.0,0.30112007,0.803975727,0.113970054,plan_7209297490c788dd,plan_bundle_reuse,pass,direct_executor,,,,False,False,False
/home/ubuntu/quantum-workload-architecture/workloads/manifests/imported/ovh_v2/08_parity_iqp_batched_heldout_medium.yaml,08_parity_iqp_batched_heldout_medium.yaml,persistent_cold_bundle,08_parity_iqp_batched_heldout_medium.rep4,,1,0.84863312,1.921924497,0.423305673,0.204196128,0.225050682,1.073291377,0.000326508,0.221896793,3.082e-06,0.219109545,0.0,0.149377698,plan_7209297490c788dd,plan_bundle_reuse,pass,persistent_executor,wrk_70617b39d17b03e9,False,1,True,False,True
/home/ubuntu/quantum-workload-architecture/workloads/manifests/imported/ovh_v2/08_parity_iqp_batched_heldout_medium.yaml,08_parity_iqp_batched_heldout_medium.yaml,persistent_warm_bundle,08_parity_iqp_batched_heldout_medium.rep4,,2,0.666013993,0.666013993,0.280334928,0.187440842,0.098524361,1.073291377,0.000346425,0.095490389,3.086e-06,0.092894086,0.0,0.020097818,plan_7209297490c788dd,plan_bundle_reuse,pass,persistent_executor,wrk_70617b39d17b03e9,True,2,True,False,True
/home/ubuntu/quantum-workload-architecture/workloads/manifests/imported/ovh_v2/01_real_dense_ring6_amplitude.yaml,01_real_dense_ring6_amplitude.yaml,persistent_sequence_bundle,01_real_dense_ring6_amplitude.len1,01_real_dense_ring6_amplitude.len1,1,0.805944886,0.805944886,0.398808297,0.175592006,0.229001312,1.102521484,0.000355016,0.22597318,2.812e-06,0.223216291,0.0,0.151710258,plan_9681ead327789de4,plan_bundle_reuse,pass,persistent_executor,wrk_43a39ae2bcf1c640,False,1,True,False,True
/home/ubuntu/quantum-workload-architecture/workloads/manifests/imported/ovh_v2/01_real_dense_ring6_amplitude.yaml,01_real_dense_ring6_amplitude.yaml,persistent_sequence_bundle,01_real_dense_ring6_amplitude.len2,01_real_dense_ring6_amplitude.len2,1,0.718896482,0.718896482,0.380085275,0.158423421,0.227461996,1.189815818,0.000324096,0.224351429,2.953e-06,0.221661854,0.0,0.149633475,plan_9681ead327789de4,plan_bundle_reuse,pass,persistent_executor,wrk_a9c3dcbf4a0c0069,False,1,True,False,True
/home/ubuntu/quantum-workload-architecture/workloads/manifests/imported/ovh_v2/01_real_dense_ring6_amplitude.yaml,01_real_dense_ring6_amplitude.yaml,persistent_sequence_bundle,01_real_dense_ring6_amplitude.len2,01_real_dense_ring6_amplitude.len2,2,0.657977555,0.657977555,0.270469651,0.170089411,0.105830997,1.189815818,0.000160013,0.102887746,3.934e-06,0.10038024,0.0,0.016357055,plan_9681ead327789de4,plan_bundle_reuse,pass,persistent_executor,wrk_a9c3dcbf4a0c0069,True,2,True,False,True
/home/ubuntu/quantum-workload-architecture/workloads/manifests/imported/ovh_v2/01_real_dense_ring6_amplitude.yaml,01_real_dense_ring6_amplitude.yaml,persistent_sequence_bundle,01_real_dense_ring6_amplitude.len4,01_real_dense_ring6_amplitude.len4,1,0.7960265,0.7960265,0.378026097,0.163385737,0.220136295,1.083911063,0.000360533,0.217380371,2.597e-06,0.21464036,0.0,0.144887258,plan_9681ead327789de4,plan_bundle_reuse,pass,persistent_executor,wrk_2723014f3f97cb58,False,1,True,False,True
/home/ubuntu/quantum-workload-architecture/workloads/manifests/imported/ovh_v2/01_real_dense_ring6_amplitude.yaml,01_real_dense_ring6_amplitude.yaml,persistent_sequence_bundle,01_real_dense_ring6_amplitude.len4,01_real_dense_ring6_amplitude.len4,2,0.673731567,0.673731567,0.291135575,0.20544105,0.091494389,1.083911063,0.000298389,0.088334848,3.031e-06,0.085694525,0.0,0.015434837,plan_9681ead327789de4,plan_bundle_reuse,pass,persistent_executor,wrk_2723014f3f97cb58,True,2,True,False,True
/home/ubuntu/quantum-workload-architecture/workloads/manifests/imported/ovh_v2/01_real_dense_ring6_amplitude.yaml,01_real_dense_ring6_amplitude.yaml,persistent_sequence_bundle,01_real_dense_ring6_amplitude.len4,01_real_dense_ring6_amplitude.len4,3,0.708596181,0.708596181,0.292580598,0.209534468,0.088672615,1.083911063,0.00028832,0.085565814,2.537e-06,0.08304613,0.0,0.005329868,plan_9681ead327789de4,plan_bundle_reuse,pass,persistent_executor,wrk_2723014f3f97cb58,True,3,True,False,True
/home/ubuntu/quantum-workload-architecture/workloads/manifests/imported/ovh_v2/01_real_dense_ring6_amplitude.yaml,01_real_dense_ring6_amplitude.yaml,persistent_sequence_bundle,01_real_dense_ring6_amplitude.len4,01_real_dense_ring6_amplitude.len4,4,0.709914545,0.709914545,0.279790212,0.193027339,0.092268815,1.083911063,0.000289384,0.089237258,1.1974e-05,0.086762873,0.0,0.007120498,plan_9681ead327789de4,plan_bundle_reuse,pass,persistent_executor,wrk_2723014f3f97cb58,True,4,True,False,True
/home/ubuntu/quantum-workload-architecture/workloads/manifests/imported/ovh_v2/01_real_dense_ring6_amplitude.yaml,01_real_dense_ring6_amplitude.yaml,persistent_sequence_bundle,01_real_dense_ring6_amplitude.len8,01_real_dense_ring6_amplitude.len8,1,0.790557171,0.790557171,0.391270391,0.172482077,0.22418874,1.096206791,0.000369182,0.221532973,2.822e-06,0.218788314,0.0,0.148476318,plan_9681ead327789de4,plan_bundle_reuse,pass,persistent_executor,wrk_e094d1d75e7e1208,False,1,True,False,True
/home/ubuntu/quantum-workload-architecture/workloads/manifests/imported/ovh_v2/01_real_dense_ring6_amplitude.yaml,01_real_dense_ring6_amplitude.yaml,persistent_sequence_bundle,01_real_dense_ring6_amplitude.len8,01_real_dense_ring6_amplitude.len8,2,0.67439531,0.67439531,0.296914437,0.205572166,0.097112813,1.096206791,0.000301912,0.093933013,3.156e-06,0.091342271,0.0,0.019470747,plan_9681ead327789de4,plan_bundle_reuse,pass,persistent_executor,wrk_e094d1d75e7e1208,True,2,True,False,True
/home/ubuntu/quantum-workload-architecture/workloads/manifests/imported/ovh_v2/01_real_dense_ring6_amplitude.yaml,01_real_dense_ring6_amplitude.yaml,persistent_sequence_bundle,01_real_dense_ring6_amplitude.len8,01_real_dense_ring6_amplitude.len8,3,0.713290939,0.713290939,0.28396493,0.198804788,0.090810306,1.096206791,0.000286735,0.087668812,2.356e-06,0.085160142,0.0,0.004975052,plan_9681ead327789de4,plan_bundle_reuse,pass,persistent_executor,wrk_e094d1d75e7e1208,True,3,True,False,True
/home/ubuntu/quantum-workload-architecture/workloads/manifests/imported/ovh_v2/01_real_dense_ring6_amplitude.yaml,01_real_dense_ring6_amplitude.yaml,persistent_sequence_bundle,01_real_dense_ring6_amplitude.len8,01_real_dense_ring6_amplitude.len8,4,0.653529853,0.653529853,0.26131417,0.187058136,0.079495892,1.096206791,0.000285253,0.07667595,2.271e-06,0.074256034,0.0,0.004456797,plan_9681ead327789de4,plan_bundle_reuse,pass,persistent_executor,wrk_e094d1d75e7e1208,True,4,True,False,True
/home/ubuntu/quantum-workload-architecture/workloads/manifests/imported/ovh_v2/01_real_dense_ring6_amplitude.yaml,01_real_dense_ring6_amplitude.yaml,persistent_sequence_bundle,01_real_dense_ring6_amplitude.len8,01_real_dense_ring6_amplitude.len8,5,0.673159924,0.673159924,0.264834013,0.180715495,0.089932013,1.096206791,0.000366496,0.086684461,2.404e-06,0.084118518,0.0,0.005594864,plan_9681ead327789de4,plan_bundle_reuse,pass,persistent_executor,wrk_e094d1d75e7e1208,True,5,True,False,True
/home/ubuntu/quantum-workload-architecture/workloads/manifests/imported/ovh_v2/01_real_dense_ring6_amplitude.yaml,01_real_dense_ring6_amplitude.yaml,persistent_sequence_bundle,01_real_dense_ring6_amplitude.len8,01_real_dense_ring6_amplitude.len8,6,0.649958093,0.649958093,0.246241001,0.165303839,0.086284132,1.096206791,0.000286983,0.08351123,2.749e-06,0.080937162,0.0,0.004865277,plan_9681ead327789de4,plan_bundle_reuse,pass,persistent_executor,wrk_e094d1d75e7e1208,True,6,True,False,True
/home/ubuntu/quantum-workload-architecture/workloads/manifests/imported/ovh_v2/01_real_dense_ring6_amplitude.yaml,01_real_dense_ring6_amplitude.yaml,persistent_sequence_bundle,01_real_dense_ring6_amplitude.len8,01_real_dense_ring6_amplitude.len8,7,0.678675915,0.678675915,0.255235461,0.175773863,0.085025143,1.096206791,0.000287997,0.082053738,2.321e-06,0.079461598,0.0,0.00489566,plan_9681ead327789de4,plan_bundle_reuse,pass,persistent_executor,wrk_e094d1d75e7e1208,True,7,True,False,True
/home/ubuntu/quantum-workload-architecture/workloads/manifests/imported/ovh_v2/01_real_dense_ring6_amplitude.yaml,01_real_dense_ring6_amplitude.yaml,persistent_sequence_bundle,01_real_dense_ring6_amplitude.len8,01_real_dense_ring6_amplitude.len8,8,0.722386595,0.722386595,0.312047291,0.200414896,0.117869482,1.096206791,0.000278319,0.114472952,2.709e-06,0.111632395,0.0,0.006264445,plan_9681ead327789de4,plan_bundle_reuse,pass,persistent_executor,wrk_e094d1d75e7e1208,True,8,True,False,True
/home/ubuntu/quantum-workload-architecture/workloads/manifests/imported/ovh_v2/06_star_graph_phase_amplitude_heldout_low.yaml,06_star_graph_phase_amplitude_heldout_low.yaml,persistent_sequence_bundle,06_star_graph_phase_amplitude_heldout_low.len1,06_star_graph_phase_amplitude_heldout_low.len1,1,0.845631077,0.845631077,0.412557567,0.185002055,0.233171588,1.169123272,0.000317629,0.230341964,2.686e-06,0.227555512,0.0,0.152424336,plan_1e9bb43cfe444bbb,plan_bundle_reuse,pass,persistent_executor,wrk_a8d0f8613fd32c02,False,1,True,False,True
/home/ubuntu/quantum-workload-architecture/workloads/manifests/imported/ovh_v2/06_star_graph_phase_amplitude_heldout_low.yaml,06_star_graph_phase_amplitude_heldout_low.yaml,persistent_sequence_bundle,06_star_graph_phase_amplitude_heldout_low.len2,06_star_graph_phase_amplitude_heldout_low.len2,1,0.760550305,0.760550305,0.350812903,0.143071803,0.212817042,1.215524327,0.000215729,0.210282301,2.871e-06,0.2077411,0.0,0.140846435,plan_1e9bb43cfe444bbb,plan_bundle_reuse,pass,persistent_executor,wrk_f94bac0007dee5d1,False,1,True,False,True
/home/ubuntu/quantum-workload-architecture/workloads/manifests/imported/ovh_v2/06_star_graph_phase_amplitude_heldout_low.yaml,06_star_graph_phase_amplitude_heldout_low.yaml,persistent_sequence_bundle,06_star_graph_phase_amplitude_heldout_low.len2,06_star_graph_phase_amplitude_heldout_low.len2,2,0.695266013,0.695266013,0.288735216,0.161091868,0.134384765,1.215524327,0.000311393,0.131431098,4.3e-06,0.127643348,0.0,0.025747387,plan_1e9bb43cfe444bbb,plan_bundle_reuse,pass,persistent_executor,wrk_f94bac0007dee5d1,True,2,True,False,True
/home/ubuntu/quantum-workload-architecture/workloads/manifests/imported/ovh_v2/06_star_graph_phase_amplitude_heldout_low.yaml,06_star_graph_phase_amplitude_heldout_low.yaml,persistent_sequence_bundle,06_star_graph_phase_amplitude_heldout_low.len4,06_star_graph_phase_amplitude_heldout_low.len4,1,0.797873369,0.797873369,0.378368548,0.159635813,0.224641365,1.049288283,0.000316226,0.221519639,3.178e-06,0.218732735,0.0,0.143482587,plan_1e9bb43cfe444bbb,plan_bundle_reuse,pass,persistent_executor,wrk_0d320ed29234451b,False,1,True,False,True
/home/ubuntu/quantum-workload-architecture/workloads/manifests/imported/ovh_v2/06_star_graph_phase_amplitude_heldout_low.yaml,06_star_graph_phase_amplitude_heldout_low.yaml,persistent_sequence_bundle,06_star_graph_phase_amplitude_heldout_low.len4,06_star_graph_phase_amplitude_heldout_low.len4,2,0.562662584,0.562662584,0.17325121,0.106442028,0.070673036,1.049288283,0.000165399,0.068872045,3.265e-06,0.066809182,0.0,0.009972,plan_1e9bb43cfe444bbb,plan_bundle_reuse,pass,persistent_executor,wrk_0d320ed29234451b,True,2,True,False,True
/home/ubuntu/quantum-workload-architecture/workloads/manifests/imported/ovh_v2/06_star_graph_phase_amplitude_heldout_low.yaml,06_star_graph_phase_amplitude_heldout_low.yaml,persistent_sequence_bundle,06_star_graph_phase_amplitude_heldout_low.len4,06_star_graph_phase_amplitude_heldout_low.len4,3,0.556533103,0.556533103,0.211233766,0.127061366,0.089373056,1.049288283,0.00031998,0.086766506,2.548e-06,0.0841724,0.0,0.004437181,plan_1e9bb43cfe444bbb,plan_bundle_reuse,pass,persistent_executor,wrk_0d320ed29234451b,True,3,True,False,True
/home/ubuntu/quantum-workload-architecture/workloads/manifests/imported/ovh_v2/06_star_graph_phase_amplitude_heldout_low.yaml,06_star_graph_phase_amplitude_heldout_low.yaml,persistent_sequence_bundle,06_star_graph_phase_amplitude_heldout_low.len4,06_star_graph_phase_amplitude_heldout_low.len4,4,0.541032549,0.541032549,0.165389072,0.10904174,0.061892927,1.049288283,0.000134905,0.058632788,2.619e-06,0.056347332,0.0,0.002782509,plan_1e9bb43cfe444bbb,plan_bundle_reuse,pass,persistent_executor,wrk_0d320ed29234451b,True,4,True,False,True
/home/ubuntu/quantum-workload-architecture/workloads/manifests/imported/ovh_v2/06_star_graph_phase_amplitude_heldout_low.yaml,06_star_graph_phase_amplitude_heldout_low.yaml,persistent_sequence_bundle,06_star_graph_phase_amplitude_heldout_low.len8,06_star_graph_phase_amplitude_heldout_low.len8,1,0.77595959,0.77595959,0.367459073,0.141444958,0.230926005,1.245892125,0.000400925,0.228878248,3.02e-06,0.226014115,0.0,0.151360983,plan_1e9bb43cfe444bbb,plan_bundle_reuse,pass,persistent_executor,wrk_3b7ea385db11bbc9,False,1,True,False,True
/home/ubuntu/quantum-workload-architecture/workloads/manifests/imported/ovh_v2/06_star_graph_phase_amplitude_heldout_low.yaml,06_star_graph_phase_amplitude_heldout_low.yaml,persistent_sequence_bundle,06_star_graph_phase_amplitude_heldout_low.len8,06_star_graph_phase_amplitude_heldout_low.len8,2,0.685613943,0.685613943,0.220427313,0.148485137,0.076315465,1.245892125,0.000225892,0.074297906,3.13e-06,0.071942176,0.0,0.012427963,plan_1e9bb43cfe444bbb,plan_bundle_reuse,pass,persistent_executor,wrk_3b7ea385db11bbc9,True,2,True,False,True
/home/ubuntu/quantum-workload-architecture/workloads/manifests/imported/ovh_v2/06_star_graph_phase_amplitude_heldout_low.yaml,06_star_graph_phase_amplitude_heldout_low.yaml,persistent_sequence_bundle,06_star_graph_phase_amplitude_heldout_low.len8,06_star_graph_phase_amplitude_heldout_low.len8,3,0.669446634,0.669446634,0.287490538,0.199004699,0.094728505,1.245892125,0.00031875,0.091169822,2.878e-06,0.088485839,0.0,0.006574552,plan_1e9bb43cfe444bbb,plan_bundle_reuse,pass,persistent_executor,wrk_3b7ea385db11bbc9,True,3,True,False,True
/home/ubuntu/quantum-workload-architecture/workloads/manifests/imported/ovh_v2/06_star_graph_phase_amplitude_heldout_low.yaml,06_star_graph_phase_amplitude_heldout_low.yaml,persistent_sequence_bundle,06_star_graph_phase_amplitude_heldout_low.len8,06_star_graph_phase_amplitude_heldout_low.len8,4,0.642171101,0.642171101,0.236276743,0.147153469,0.094385437,1.245892125,0.000279565,0.091780379,2.308e-06,0.089123274,0.0,0.005035593,plan_1e9bb43cfe444bbb,plan_bundle_reuse,pass,persistent_executor,wrk_3b7ea385db11bbc9,True,4,True,False,True
/home/ubuntu/quantum-workload-architecture/workloads/manifests/imported/ovh_v2/06_star_graph_phase_amplitude_heldout_low.yaml,06_star_graph_phase_amplitude_heldout_low.yaml,persistent_sequence_bundle,06_star_graph_phase_amplitude_heldout_low.len8,06_star_graph_phase_amplitude_heldout_low.len8,5,0.674095681,0.674095681,0.258604857,0.17406937,0.090485033,1.245892125,0.000284902,0.087152941,2.299e-06,0.084535487,0.0,0.00537468,plan_1e9bb43cfe444bbb,plan_bundle_reuse,pass,persistent_executor,wrk_3b7ea385db11bbc9,True,5,True,False,True
/home/ubuntu/quantum-workload-architecture/workloads/manifests/imported/ovh_v2/06_star_graph_phase_amplitude_heldout_low.yaml,06_star_graph_phase_amplitude_heldout_low.yaml,persistent_sequence_bundle,06_star_graph_phase_amplitude_heldout_low.len8,06_star_graph_phase_amplitude_heldout_low.len8,6,0.656460591,0.656460591,0.257195637,0.171172633,0.09115272,1.245892125,0.000270842,0.088753104,2.75e-06,0.086023004,0.0,0.004582,plan_1e9bb43cfe444bbb,plan_bundle_reuse,pass,persistent_executor,wrk_3b7ea385db11bbc9,True,6,True,False,True
/home/ubuntu/quantum-workload-architecture/workloads/manifests/imported/ovh_v2/06_star_graph_phase_amplitude_heldout_low.yaml,06_star_graph_phase_amplitude_heldout_low.yaml,persistent_sequence_bundle,06_star_graph_phase_amplitude_heldout_low.len8,06_star_graph_phase_amplitude_heldout_low.len8,7,0.619009508,0.619009508,0.242881471,0.157701003,0.091451774,1.245892125,0.000276689,0.087927636,3.101e-06,0.085180468,0.0,0.004667306,plan_1e9bb43cfe444bbb,plan_bundle_reuse,pass,persistent_executor,wrk_3b7ea385db11bbc9,True,7,True,False,True
/home/ubuntu/quantum-workload-architecture/workloads/manifests/imported/ovh_v2/06_star_graph_phase_amplitude_heldout_low.yaml,06_star_graph_phase_amplitude_heldout_low.yaml,persistent_sequence_bundle,06_star_graph_phase_amplitude_heldout_low.len8,06_star_graph_phase_amplitude_heldout_low.len8,8,0.616025382,0.616025382,0.189314536,0.13311302,0.060510919,1.245892125,0.000141084,0.05826975,2.661e-06,0.056201516,0.0,0.002865931,plan_1e9bb43cfe444bbb,plan_bundle_reuse,pass,persistent_executor,wrk_3b7ea385db11bbc9,True,8,True,False,True
/home/ubuntu/quantum-workload-architecture/workloads/manifests/imported/ovh_v2/08_parity_iqp_batched_heldout_medium.yaml,08_parity_iqp_batched_heldout_medium.yaml,persistent_sequence_bundle,08_parity_iqp_batched_heldout_medium.len1,08_parity_iqp_batched_heldout_medium.len1,1,0.856507781,0.856507781,0.454631228,0.183206845,0.276366484,0.991180965,0.000201557,0.273856013,2.626e-06,0.271424383,0.0,0.206496558,plan_7209297490c788dd,plan_bundle_reuse,pass,persistent_executor,wrk_bdab85e061176918,False,1,True,False,True
/home/ubuntu/quantum-workload-architecture/workloads/manifests/imported/ovh_v2/08_parity_iqp_batched_heldout_medium.yaml,08_parity_iqp_batched_heldout_medium.yaml,persistent_sequence_bundle,08_parity_iqp_batched_heldout_medium.len2,08_parity_iqp_batched_heldout_medium.len2,1,0.819254651,0.819254651,0.402986787,0.168527291,0.240208894,1.07305872,0.000368412,0.237301965,3.356e-06,0.234459496,0.0,0.163710429,plan_7209297490c788dd,plan_bundle_reuse,pass,persistent_executor,wrk_02eeb1c785155cb5,False,1,True,False,True
/home/ubuntu/quantum-workload-architecture/workloads/manifests/imported/ovh_v2/08_parity_iqp_batched_heldout_medium.yaml,08_parity_iqp_batched_heldout_medium.yaml,persistent_sequence_bundle,08_parity_iqp_batched_heldout_medium.len2,08_parity_iqp_batched_heldout_medium.len2,2,0.592277657,0.592277657,0.219099282,0.156133656,0.067824711,1.07305872,0.000178147,0.065137842,3.054e-06,0.062965626,0.0,0.010877672,plan_7209297490c788dd,plan_bundle_reuse,pass,persistent_executor,wrk_02eeb1c785155cb5,True,2,True,False,True
/home/ubuntu/quantum-workload-architecture/workloads/manifests/imported/ovh_v2/08_parity_iqp_batched_heldout_medium.yaml,08_parity_iqp_batched_heldout_medium.yaml,persistent_sequence_bundle,08_parity_iqp_batched_heldout_medium.len4,08_parity_iqp_batched_heldout_medium.len4,1,0.826059095,0.826059095,0.439010601,0.193578151,0.251352251,1.183217653,0.00033981,0.248188559,3.246e-06,0.24543245,0.0,0.172911062,plan_7209297490c788dd,plan_bundle_reuse,pass,persistent_executor,wrk_0a76249b73aaeef1,False,1,True,False,True
/home/ubuntu/quantum-workload-architecture/workloads/manifests/imported/ovh_v2/08_parity_iqp_batched_heldout_medium.yaml,08_parity_iqp_batched_heldout_medium.yaml,persistent_sequence_bundle,08_parity_iqp_batched_heldout_medium.len4,08_parity_iqp_batched_heldout_medium.len4,2,0.568188247,0.568188247,0.21856661,0.151965629,0.070957162,1.183217653,0.000168,0.068932792,2.949e-06,0.066600981,0.0,0.010962337,plan_7209297490c788dd,plan_bundle_reuse,pass,persistent_executor,wrk_0a76249b73aaeef1,True,2,True,False,True
/home/ubuntu/quantum-workload-architecture/workloads/manifests/imported/ovh_v2/08_parity_iqp_batched_heldout_medium.yaml,08_parity_iqp_batched_heldout_medium.yaml,persistent_sequence_bundle,08_parity_iqp_batched_heldout_medium.len4,08_parity_iqp_batched_heldout_medium.len4,3,0.68667646,0.68667646,0.284097737,0.203658248,0.086086168,1.183217653,0.000275074,0.083055664,2.566e-06,0.080439489,0.0,0.005563949,plan_7209297490c788dd,plan_bundle_reuse,pass,persistent_executor,wrk_0a76249b73aaeef1,True,3,True,False,True
/home/ubuntu/quantum-workload-architecture/workloads/manifests/imported/ovh_v2/08_parity_iqp_batched_heldout_medium.yaml,08_parity_iqp_batched_heldout_medium.yaml,persistent_sequence_bundle,08_parity_iqp_batched_heldout_medium.len4,08_parity_iqp_batched_heldout_medium.len4,4,0.700015879,0.700015879,0.278634311,0.195743687,0.088820295,1.183217653,0.000311873,0.08543687,2.901e-06,0.082890624,0.0,0.004888499,plan_7209297490c788dd,plan_bundle_reuse,pass,persistent_executor,wrk_0a76249b73aaeef1,True,4,True,False,True
/home/ubuntu/quantum-workload-architecture/workloads/manifests/imported/ovh_v2/08_parity_iqp_batched_heldout_medium.yaml,08_parity_iqp_batched_heldout_medium.yaml,persistent_sequence_bundle,08_parity_iqp_batched_heldout_medium.len8,08_parity_iqp_batched_heldout_medium.len8,1,0.816559073,0.816559073,0.441007616,0.194967905,0.2516612,1.171784556,0.000304156,0.248765748,2.979e-06,0.246039711,0.0,0.174133443,plan_7209297490c788dd,plan_bundle_reuse,pass,persistent_executor,wrk_6877e8af7fb9b03d,False,1,True,False,True
/home/ubuntu/quantum-workload-architecture/workloads/manifests/imported/ovh_v2/08_parity_iqp_batched_heldout_medium.yaml,08_parity_iqp_batched_heldout_medium.yaml,persistent_sequence_bundle,08_parity_iqp_batched_heldout_medium.len8,08_parity_iqp_batched_heldout_medium.len8,2,0.636208888,0.636208888,0.233442746,0.169817639,0.067744594,1.171784556,0.000244975,0.065745317,3.358e-06,0.063625107,0.0,0.009098634,plan_7209297490c788dd,plan_bundle_reuse,pass,persistent_executor,wrk_6877e8af7fb9b03d,True,2,True,False,True
/home/ubuntu/quantum-workload-architecture/workloads/manifests/imported/ovh_v2/08_parity_iqp_batched_heldout_medium.yaml,08_parity_iqp_batched_heldout_medium.yaml,persistent_sequence_bundle,08_parity_iqp_batched_heldout_medium.len8,08_parity_iqp_batched_heldout_medium.len8,3,0.695306078,0.695306078,0.270133923,0.185660077,0.090210206,1.171784556,0.000288112,0.087038063,2.424e-06,0.084473846,0.0,0.004469805,plan_7209297490c788dd,plan_bundle_reuse,pass,persistent_executor,wrk_6877e8af7fb9b03d,True,3,True,False,True
/home/ubuntu/quantum-workload-architecture/workloads/manifests/imported/ovh_v2/08_parity_iqp_batched_heldout_medium.yaml,08_parity_iqp_batched_heldout_medium.yaml,persistent_sequence_bundle,08_parity_iqp_batched_heldout_medium.len8,08_parity_iqp_batched_heldout_medium.len8,4,0.609700352,0.609700352,0.243882878,0.1739619,0.074789896,1.171784556,0.000214473,0.072158349,2.545e-06,0.069920978,0.0,0.003595839,plan_7209297490c788dd,plan_bundle_reuse,pass,persistent_executor,wrk_6877e8af7fb9b03d,True,4,True,False,True
/home/ubuntu/quantum-workload-architecture/workloads/manifests/imported/ovh_v2/08_parity_iqp_batched_heldout_medium.yaml,08_parity_iqp_batched_heldout_medium.yaml,persistent_sequence_bundle,08_parity_iqp_batched_heldout_medium.len8,08_parity_iqp_batched_heldout_medium.len8,5,0.676497464,0.676497464,0.262664006,0.177111834,0.09107182,1.171784556,0.00029866,0.088159105,3.041e-06,0.085552172,0.0,0.004632699,plan_7209297490c788dd,plan_bundle_reuse,pass,persistent_executor,wrk_6877e8af7fb9b03d,True,5,True,False,True
/home/ubuntu/quantum-workload-architecture/workloads/manifests/imported/ovh_v2/08_parity_iqp_batched_heldout_medium.yaml,08_parity_iqp_batched_heldout_medium.yaml,persistent_sequence_bundle,08_parity_iqp_batched_heldout_medium.len8,08_parity_iqp_batched_heldout_medium.len8,6,0.642916383,0.642916383,0.234386765,0.175034417,0.064012076,1.171784556,0.000255754,0.061507112,2.445e-06,0.059352348,0.0,0.004150094,plan_7209297490c788dd,plan_bundle_reuse,pass,persistent_executor,wrk_6877e8af7fb9b03d,True,6,True,False,True
/home/ubuntu/quantum-workload-architecture/workloads/manifests/imported/ovh_v2/08_parity_iqp_batched_heldout_medium.yaml,08_parity_iqp_batched_heldout_medium.yaml,persistent_sequence_bundle,08_parity_iqp_batched_heldout_medium.len8,08_parity_iqp_batched_heldout_medium.len8,7,0.644455872,0.644455872,0.267844204,0.178314627,0.095468959,1.171784556,0.00028624,0.092074404,2.505e-06,0.089529577,0.0,0.005891174,plan_7209297490c788dd,plan_bundle_reuse,pass,persistent_executor,wrk_6877e8af7fb9b03d,True,7,True,False,True
/home/ubuntu/quantum-workload-architecture/workloads/manifests/imported/ovh_v2/08_parity_iqp_batched_heldout_medium.yaml,08_parity_iqp_batched_heldout_medium.yaml,persistent_sequence_bundle,08_parity_iqp_batched_heldout_medium.len8,08_parity_iqp_batched_heldout_medium.len8,8,0.615515467,0.615515467,0.259306921,0.185723385,0.078762526,1.171784556,0.000286813,0.076198841,2.878e-06,0.073583536,0.0,0.003887544,plan_7209297490c788dd,plan_bundle_reuse,pass,persistent_executor,wrk_6877e8af7fb9b03d,True,8,True,False,True
/home/ubuntu/quantum-workload-architecture/workloads/manifests/imported/ovh_v2/01_real_dense_ring6_amplitude.yaml,01_real_dense_ring6_amplitude.yaml,persistent_sequence_bundle,mixed.len6,mixed.len6,1,0.804693781,0.804693781,0.389399376,0.167230178,0.228581928,1.090392293,0.000299544,0.225454758,2.874e-06,0.222169198,0.0,0.151295428,plan_9681ead327789de4,plan_bundle_reuse,pass,persistent_executor,wrk_15b534d37ac948aa,False,1,True,False,True
/home/ubuntu/quantum-workload-architecture/workloads/manifests/imported/ovh_v2/06_star_graph_phase_amplitude_heldout_low.yaml,06_star_graph_phase_amplitude_heldout_low.yaml,persistent_sequence_bundle,mixed.len6,mixed.len6,2,0.654212294,0.654212294,0.276105865,0.184668498,0.097058042,1.090392293,0.000300085,0.094128579,2.783e-06,0.091437367,0.0,0.019574196,plan_1e9bb43cfe444bbb,plan_bundle_reuse,pass,persistent_executor,wrk_15b534d37ac948aa,True,2,True,False,True
/home/ubuntu/quantum-workload-architecture/workloads/manifests/imported/ovh_v2/08_parity_iqp_batched_heldout_medium.yaml,08_parity_iqp_batched_heldout_medium.yaml,persistent_sequence_bundle,mixed.len6,mixed.len6,3,0.693914365,0.693914365,0.28090344,0.198482664,0.088093364,1.090392293,0.000290498,0.084948943,2.644e-06,0.082420776,0.0,0.004941444,plan_7209297490c788dd,plan_bundle_reuse,pass,persistent_executor,wrk_15b534d37ac948aa,True,3,True,False,True
/home/ubuntu/quantum-workload-architecture/workloads/manifests/imported/ovh_v2/01_real_dense_ring6_amplitude.yaml,01_real_dense_ring6_amplitude.yaml,persistent_sequence_bundle,mixed.len6,mixed.len6,4,0.658619303,0.658619303,0.259870777,0.156050205,0.1092828,1.090392293,0.000288935,0.106606794,2.569e-06,0.103820572,0.0,0.004691694,plan_9681ead327789de4,plan_bundle_reuse,pass,persistent_executor,wrk_15b534d37ac948aa,True,4,True,False,True
/home/ubuntu/quantum-workload-architecture/workloads/manifests/imported/ovh_v2/06_star_graph_phase_amplitude_heldout_low.yaml,06_star_graph_phase_amplitude_heldout_low.yaml,persistent_sequence_bundle,mixed.len6,mixed.len6,5,0.698604889,0.698604889,0.280126075,0.196392146,0.089503742,1.090392293,0.000298028,0.086345217,2.346e-06,0.083733929,0.0,0.004979715,plan_1e9bb43cfe444bbb,plan_bundle_reuse,pass,persistent_executor,wrk_15b534d37ac948aa,True,5,True,False,True
/home/ubuntu/quantum-workload-architecture/workloads/manifests/imported/ovh_v2/08_parity_iqp_batched_heldout_medium.yaml,08_parity_iqp_batched_heldout_medium.yaml,persistent_sequence_bundle,mixed.len6,mixed.len6,6,0.653493799,0.653493799,0.275503973,0.188908455,0.092719971,1.090392293,0.000354072,0.089397319,2.569e-06,0.086595518,0.0,0.004749351,plan_7209297490c788dd,plan_bundle_reuse,pass,persistent_executor,wrk_15b534d37ac948aa,True,6,True,False,True
