campaign_id,campaign_name,cell_id,manifest_path,workload_id,plan_id,run_id,replicate_idx,status,planner_budget,repeat_count_hint,measurement_repeats,autotune,reuse_cache,execution_source,graph_mode,ttfr_s,steady_iter_ms,wall_s,gpu_seconds,predicted_ttfr_s,predicted_iter_ms,predicted_gpu_seconds,planner_share_pct,launch_share_pct,contract_share_pct,profile_candidate_nsys,profile_candidate_ncu
camp_f8d4f8227f3c256c,cuda_graphs_ablation_v1,cell_05f27b1515620b3a,/home/ubuntu/quantum-workload-architecture/workloads/manifests/imported/real_ghz3_amplitude.yaml,wkl_aba637ae8beeb019,plan_d2cfcc96266ef4f6,run_97ab78cb0a6f92bb,0,runtime_error,balanced,32,3,True,True,cuquantum_tensornet_gpu,steady_state,,,,,2.642871,8.782079,2.915115,,,,False,False
camp_f8d4f8227f3c256c,cuda_graphs_ablation_v1,cell_05f27b1515620b3a,/home/ubuntu/quantum-workload-architecture/workloads/manifests/imported/real_ghz3_amplitude.yaml,wkl_aba637ae8beeb019,plan_d2cfcc96266ef4f6,run_14b9d22135e607d8,1,runtime_error,balanced,32,3,True,True,cuquantum_tensornet_gpu,steady_state,,,,,2.642871,8.782079,2.915115,,,,False,False
camp_f8d4f8227f3c256c,cuda_graphs_ablation_v1,cell_05f27b1515620b3a,/home/ubuntu/quantum-workload-architecture/workloads/manifests/imported/real_ghz3_amplitude.yaml,wkl_aba637ae8beeb019,plan_d2cfcc96266ef4f6,run_cb412c4f7b7f647e,2,runtime_error,balanced,32,3,True,True,cuquantum_tensornet_gpu,steady_state,,,,,2.642871,8.782079,2.915115,,,,False,False
camp_f8d4f8227f3c256c,cuda_graphs_ablation_v1,cell_16f0318c918fe244,/home/ubuntu/quantum-workload-architecture/workloads/manifests/imported/real_ghz3_amplitude.yaml,wkl_34730574a768505b,plan_b0462b35ef16f24f,run_9fa91e29aba0128d,0,runtime_error,balanced,8,3,True,True,cuquantum_tensornet_gpu,warm_only,,,,,2.642871,8.782079,2.704346,,,,False,False
camp_f8d4f8227f3c256c,cuda_graphs_ablation_v1,cell_16f0318c918fe244,/home/ubuntu/quantum-workload-architecture/workloads/manifests/imported/real_ghz3_amplitude.yaml,wkl_34730574a768505b,plan_b0462b35ef16f24f,run_131c5f1892f74dc3,1,runtime_error,balanced,8,3,True,True,cuquantum_tensornet_gpu,warm_only,,,,,2.642871,8.782079,2.704346,,,,False,False
camp_f8d4f8227f3c256c,cuda_graphs_ablation_v1,cell_16f0318c918fe244,/home/ubuntu/quantum-workload-architecture/workloads/manifests/imported/real_ghz3_amplitude.yaml,wkl_34730574a768505b,plan_b0462b35ef16f24f,run_f29553a14a9493bd,2,runtime_error,balanced,8,3,True,True,cuquantum_tensornet_gpu,warm_only,,,,,2.642871,8.782079,2.704346,,,,False,False
camp_f8d4f8227f3c256c,cuda_graphs_ablation_v1,cell_32f6b97487218473,/home/ubuntu/quantum-workload-architecture/workloads/manifests/imported/real_ghz3_amplitude.yaml,wkl_aba637ae8beeb019,plan_7a6537a53794213d,run_9d22aa7449c28044,0,runtime_error,balanced,32,3,True,True,cuquantum_tensornet_gpu,warm_only,,,,,2.642871,8.782079,2.915115,,,,False,False
camp_f8d4f8227f3c256c,cuda_graphs_ablation_v1,cell_32f6b97487218473,/home/ubuntu/quantum-workload-architecture/workloads/manifests/imported/real_ghz3_amplitude.yaml,wkl_aba637ae8beeb019,plan_7a6537a53794213d,run_7861ab193fdf52bd,1,runtime_error,balanced,32,3,True,True,cuquantum_tensornet_gpu,warm_only,,,,,2.642871,8.782079,2.915115,,,,False,False
camp_f8d4f8227f3c256c,cuda_graphs_ablation_v1,cell_32f6b97487218473,/home/ubuntu/quantum-workload-architecture/workloads/manifests/imported/real_ghz3_amplitude.yaml,wkl_aba637ae8beeb019,plan_7a6537a53794213d,run_c8a2b7934ac552c7,2,runtime_error,balanced,32,3,True,True,cuquantum_tensornet_gpu,warm_only,,,,,2.642871,8.782079,2.915115,,,,False,False
camp_f8d4f8227f3c256c,cuda_graphs_ablation_v1,cell_68749ea440dbb01c,/home/ubuntu/quantum-workload-architecture/workloads/manifests/imported/real_dense_ring6_batched.yaml,wkl_977f16a92f06596a,plan_a17afbf84ae537e7,run_e62387dc67f37d9e,0,runtime_error,balanced,32,3,True,True,cuquantum_tensornet_gpu,steady_state,,,,,3.076834,11.219884,3.42465,,,,False,False
camp_f8d4f8227f3c256c,cuda_graphs_ablation_v1,cell_68749ea440dbb01c,/home/ubuntu/quantum-workload-architecture/workloads/manifests/imported/real_dense_ring6_batched.yaml,wkl_977f16a92f06596a,plan_a17afbf84ae537e7,run_e02ab8ed297544bb,1,runtime_error,balanced,32,3,True,True,cuquantum_tensornet_gpu,steady_state,,,,,3.076834,11.219884,3.42465,,,,False,False
camp_f8d4f8227f3c256c,cuda_graphs_ablation_v1,cell_68749ea440dbb01c,/home/ubuntu/quantum-workload-architecture/workloads/manifests/imported/real_dense_ring6_batched.yaml,wkl_977f16a92f06596a,plan_a17afbf84ae537e7,run_977cc653b3266c2f,2,runtime_error,balanced,32,3,True,True,cuquantum_tensornet_gpu,steady_state,,,,,3.076834,11.219884,3.42465,,,,False,False
camp_f8d4f8227f3c256c,cuda_graphs_ablation_v1,cell_6c2fe6b56cad1e5e,/home/ubuntu/quantum-workload-architecture/workloads/manifests/imported/real_dense_ring6_batched.yaml,wkl_977f16a92f06596a,plan_03b84711f6974834,run_b52bd7cced01869e,0,runtime_error,balanced,32,3,True,True,cuquantum_tensornet_gpu,warm_only,,,,,3.076834,11.219884,3.42465,,,,False,False
camp_f8d4f8227f3c256c,cuda_graphs_ablation_v1,cell_6c2fe6b56cad1e5e,/home/ubuntu/quantum-workload-architecture/workloads/manifests/imported/real_dense_ring6_batched.yaml,wkl_977f16a92f06596a,plan_03b84711f6974834,run_92ece5add0c141ea,1,runtime_error,balanced,32,3,True,True,cuquantum_tensornet_gpu,warm_only,,,,,3.076834,11.219884,3.42465,,,,False,False
camp_f8d4f8227f3c256c,cuda_graphs_ablation_v1,cell_6c2fe6b56cad1e5e,/home/ubuntu/quantum-workload-architecture/workloads/manifests/imported/real_dense_ring6_batched.yaml,wkl_977f16a92f06596a,plan_03b84711f6974834,run_ac796eda5d4cb294,2,runtime_error,balanced,32,3,True,True,cuquantum_tensornet_gpu,warm_only,,,,,3.076834,11.219884,3.42465,,,,False,False
camp_f8d4f8227f3c256c,cuda_graphs_ablation_v1,cell_ad725a685d33c616,/home/ubuntu/quantum-workload-architecture/workloads/manifests/imported/real_ghz3_amplitude.yaml,wkl_34730574a768505b,plan_ff6be35fef925b40,run_d2c153e3f41ce189,0,runtime_error,balanced,8,3,True,True,cuquantum_tensornet_gpu,steady_state,,,,,2.642871,8.782079,2.704346,,,,False,False
camp_f8d4f8227f3c256c,cuda_graphs_ablation_v1,cell_ad725a685d33c616,/home/ubuntu/quantum-workload-architecture/workloads/manifests/imported/real_ghz3_amplitude.yaml,wkl_34730574a768505b,plan_ff6be35fef925b40,run_9b11fee687c833dd,1,runtime_error,balanced,8,3,True,True,cuquantum_tensornet_gpu,steady_state,,,,,2.642871,8.782079,2.704346,,,,False,False
camp_f8d4f8227f3c256c,cuda_graphs_ablation_v1,cell_ad725a685d33c616,/home/ubuntu/quantum-workload-architecture/workloads/manifests/imported/real_ghz3_amplitude.yaml,wkl_34730574a768505b,plan_ff6be35fef925b40,run_ad574ba6ee1cc335,2,runtime_error,balanced,8,3,True,True,cuquantum_tensornet_gpu,steady_state,,,,,2.642871,8.782079,2.704346,,,,False,False
camp_f8d4f8227f3c256c,cuda_graphs_ablation_v1,cell_bc7b0ee31f86c44f,/home/ubuntu/quantum-workload-architecture/workloads/manifests/imported/real_ghz3_amplitude.yaml,wkl_34730574a768505b,plan_49616549e767c21b,run_508cd5e284e5fb38,0,success,balanced,8,3,True,True,cuquantum_tensornet_gpu,off,0.053314678,0.211235,0.055150325,0.055150325,2.642871,8.782079,2.704346,,,,True,True
camp_f8d4f8227f3c256c,cuda_graphs_ablation_v1,cell_bc7b0ee31f86c44f,/home/ubuntu/quantum-workload-architecture/workloads/manifests/imported/real_ghz3_amplitude.yaml,wkl_34730574a768505b,plan_49616549e767c21b,run_5f41c368e0356d5c,1,success,balanced,8,3,True,True,cuquantum_tensornet_gpu,off,0.018582671,0.178176,0.019927812,0.019927812,2.642871,8.782079,2.704346,,,,True,True
camp_f8d4f8227f3c256c,cuda_graphs_ablation_v1,cell_bc7b0ee31f86c44f,/home/ubuntu/quantum-workload-architecture/workloads/manifests/imported/real_ghz3_amplitude.yaml,wkl_34730574a768505b,plan_49616549e767c21b,run_ba7c76b91120359b,2,success,balanced,8,3,True,True,cuquantum_tensornet_gpu,off,0.015765362,0.129815,0.016850681,0.016850681,2.642871,8.782079,2.704346,,,,True,True
camp_f8d4f8227f3c256c,cuda_graphs_ablation_v1,cell_ceea3d2edf761575,/home/ubuntu/quantum-workload-architecture/workloads/manifests/imported/real_dense_ring6_batched.yaml,wkl_50dd86db6abd0bfa,plan_b97efcf74c6f1ba3,run_868e31a33099ceb1,0,runtime_error,balanced,8,3,True,True,cuquantum_tensornet_gpu,steady_state,,,,,3.076834,11.219884,3.155373,,,,False,False
camp_f8d4f8227f3c256c,cuda_graphs_ablation_v1,cell_ceea3d2edf761575,/home/ubuntu/quantum-workload-architecture/workloads/manifests/imported/real_dense_ring6_batched.yaml,wkl_50dd86db6abd0bfa,plan_b97efcf74c6f1ba3,run_c767caf671c5b61d,1,runtime_error,balanced,8,3,True,True,cuquantum_tensornet_gpu,steady_state,,,,,3.076834,11.219884,3.155373,,,,False,False
camp_f8d4f8227f3c256c,cuda_graphs_ablation_v1,cell_ceea3d2edf761575,/home/ubuntu/quantum-workload-architecture/workloads/manifests/imported/real_dense_ring6_batched.yaml,wkl_50dd86db6abd0bfa,plan_b97efcf74c6f1ba3,run_820b28d6311a8c34,2,runtime_error,balanced,8,3,True,True,cuquantum_tensornet_gpu,steady_state,,,,,3.076834,11.219884,3.155373,,,,False,False
camp_f8d4f8227f3c256c,cuda_graphs_ablation_v1,cell_dac6b50d611e8399,/home/ubuntu/quantum-workload-architecture/workloads/manifests/imported/real_dense_ring6_batched.yaml,wkl_50dd86db6abd0bfa,plan_098bd6312fb74e89,run_522602b1bacce818,0,runtime_error,balanced,8,3,True,True,cuquantum_tensornet_gpu,warm_only,,,,,3.076834,11.219884,3.155373,,,,False,False
camp_f8d4f8227f3c256c,cuda_graphs_ablation_v1,cell_dac6b50d611e8399,/home/ubuntu/quantum-workload-architecture/workloads/manifests/imported/real_dense_ring6_batched.yaml,wkl_50dd86db6abd0bfa,plan_098bd6312fb74e89,run_3cee12395525305f,1,runtime_error,balanced,8,3,True,True,cuquantum_tensornet_gpu,warm_only,,,,,3.076834,11.219884,3.155373,,,,False,False
camp_f8d4f8227f3c256c,cuda_graphs_ablation_v1,cell_dac6b50d611e8399,/home/ubuntu/quantum-workload-architecture/workloads/manifests/imported/real_dense_ring6_batched.yaml,wkl_50dd86db6abd0bfa,plan_098bd6312fb74e89,run_133a4b469a27596d,2,runtime_error,balanced,8,3,True,True,cuquantum_tensornet_gpu,warm_only,,,,,3.076834,11.219884,3.155373,,,,False,False
camp_f8d4f8227f3c256c,cuda_graphs_ablation_v1,cell_e9141e68c85a4530,/home/ubuntu/quantum-workload-architecture/workloads/manifests/imported/real_dense_ring6_batched.yaml,wkl_50dd86db6abd0bfa,plan_4e0bc6d06357760f,run_e4b8d643e72ff721,0,success,balanced,8,3,True,True,cuquantum_tensornet_gpu,off,0.042618091,0.266118,0.044478354,0.044478354,3.076834,11.219884,3.155373,,,,True,True
camp_f8d4f8227f3c256c,cuda_graphs_ablation_v1,cell_e9141e68c85a4530,/home/ubuntu/quantum-workload-architecture/workloads/manifests/imported/real_dense_ring6_batched.yaml,wkl_50dd86db6abd0bfa,plan_4e0bc6d06357760f,run_b33942b3b1efb5b4,1,success,balanced,8,3,True,True,cuquantum_tensornet_gpu,off,0.045318363,0.323306,0.047412782,0.047412782,3.076834,11.219884,3.155373,,,,True,True
camp_f8d4f8227f3c256c,cuda_graphs_ablation_v1,cell_e9141e68c85a4530,/home/ubuntu/quantum-workload-architecture/workloads/manifests/imported/real_dense_ring6_batched.yaml,wkl_50dd86db6abd0bfa,plan_4e0bc6d06357760f,run_5002c60d61e64568,2,success,balanced,8,3,True,True,cuquantum_tensornet_gpu,off,0.051281592,0.27202,0.053224986,0.053224986,3.076834,11.219884,3.155373,,,,True,True
camp_f8d4f8227f3c256c,cuda_graphs_ablation_v1,cell_f51c2dd181706085,/home/ubuntu/quantum-workload-architecture/workloads/manifests/imported/real_ghz3_amplitude.yaml,wkl_aba637ae8beeb019,plan_d6b9c66ca003beb0,run_b8ca8f64976aa795,0,success,balanced,32,3,True,True,cuquantum_tensornet_gpu,off,0.014580166,0.131331,0.015682669,0.015682669,2.642871,8.782079,2.915115,,,,True,True
camp_f8d4f8227f3c256c,cuda_graphs_ablation_v1,cell_f51c2dd181706085,/home/ubuntu/quantum-workload-architecture/workloads/manifests/imported/real_ghz3_amplitude.yaml,wkl_aba637ae8beeb019,plan_d6b9c66ca003beb0,run_886c0ee51ae9a6ea,1,success,balanced,32,3,True,True,cuquantum_tensornet_gpu,off,0.014276789,0.131719,0.015344341,0.015344341,2.642871,8.782079,2.915115,,,,True,True
camp_f8d4f8227f3c256c,cuda_graphs_ablation_v1,cell_f51c2dd181706085,/home/ubuntu/quantum-workload-architecture/workloads/manifests/imported/real_ghz3_amplitude.yaml,wkl_aba637ae8beeb019,plan_d6b9c66ca003beb0,run_ed217acf4c73eefb,2,success,balanced,32,3,True,True,cuquantum_tensornet_gpu,off,0.014097497,0.144113,0.015198083,0.015198083,2.642871,8.782079,2.915115,,,,True,True
camp_f8d4f8227f3c256c,cuda_graphs_ablation_v1,cell_fe364189bc9b7dd4,/home/ubuntu/quantum-workload-architecture/workloads/manifests/imported/real_dense_ring6_batched.yaml,wkl_977f16a92f06596a,plan_fe31e27fa7f4ef9a,run_e65e9a48931a81bf,0,success,balanced,32,3,True,True,cuquantum_tensornet_gpu,off,0.051172833,0.26111,0.053041991,0.053041991,3.076834,11.219884,3.42465,,,,True,True
camp_f8d4f8227f3c256c,cuda_graphs_ablation_v1,cell_fe364189bc9b7dd4,/home/ubuntu/quantum-workload-architecture/workloads/manifests/imported/real_dense_ring6_batched.yaml,wkl_977f16a92f06596a,plan_fe31e27fa7f4ef9a,run_9fd1abf8fb76aad0,1,success,balanced,32,3,True,True,cuquantum_tensornet_gpu,off,0.05101657,0.269393,0.052979399,0.052979399,3.076834,11.219884,3.42465,,,,True,True
camp_f8d4f8227f3c256c,cuda_graphs_ablation_v1,cell_fe364189bc9b7dd4,/home/ubuntu/quantum-workload-architecture/workloads/manifests/imported/real_dense_ring6_batched.yaml,wkl_977f16a92f06596a,plan_fe31e27fa7f4ef9a,run_c0f3b9c95309c156,2,success,balanced,32,3,True,True,cuquantum_tensornet_gpu,off,0.052043471,0.26319,0.053975093,0.053975093,3.076834,11.219884,3.42465,,,,True,True
